Alternative,URL
e24cloud,https://www.e24cloud.com/en/
NTT Communications,https://www.nttict.com/
Rackspace,https://www.rackspace.com/
Alibaba Cloud,https://www.alibabacloud.com/
CenturyLink,https://www.ctl.io/
VPS.NET,https://www.vps.net/
Ionos,https://www.ionos.com/
Oracle Cloud,https://cloud.oracle.com/home
Leaseweb,https://www.leaseweb.com/
sherWeb,https://www.sherweb.com/
IBM Cloud,https://www.ibm.com/us-en/
Google Cloud,https://cloud.google.com/
M5 Internet Hosting,https://www.m5hosting.com/
zettagrid,http://www.zettagrid.com/
exoscale,https://www.exoscale.ch/
Amazon (AWS),https://aws.amazon.com/
Microsoft Azure,https://azure.microsoft.com/
Fujitsu,http://www.fujitsu.com/global/
Tilaa VPS,https://www.tilaa.com/en/
OVH,https://www.ovh.ie/
