Parent_ID,Child_ID
feature_Cloud_computing,feature_Cloud_clients
feature_Cloud_computing,feature_Cloud_computing_providers
feature_Cloud_computing_providers,feature_Alibaba_Cloud
feature_Cloud_computing_providers,feature_Google_Cloud
feature_Cloud_computing_providers,feature_Salesforce
feature_Cloud_computing_providers,feature_IBM_cloud_services
feature_Cloud_computing_providers,feature_Opensource_cloud_hosting_services
feature_Cloud_computing_providers,feature_Oracle_Cloud_Services
feature_Cloud_computing_providers,feature_Amazon_Web_Services
feature_Cloud_computing_providers,feature_Microsoft_cloud_services
feature_Cloud_computing,feature_Cloud_gaming
feature_Cloud_computing,feature_Cloud_standars
feature_Cloud_computing,feature_As_a_service
feature_Cloud_computing,feature_Serverless_computing
feature_As_a_service,feature_Platform_as_a_Service_(PaaS)
feature_As_a_service,feature_Software_as_a_Service_(SaaS)
feature_As_a_service,feature_Infrastructure_as_a_Service_(IaaS)
feature_Software_as_a_Service_(SaaS),feature_Thin_client
feature_Thin_client,feature_Content_Management_System
feature_Thin_client,feature_content_delivery
feature_Thin_client,feature_Web_content
feature_Thin_client,feature_CRM_software
feature_Thin_client,feature_email_hosting_plans
feature_Thin_client,feature_business_email
feature_Thin_client,feature_Financial_Services
feature_Thin_client,feature_invoices
feature_Thin_client,feature_Billing
feature_Thin_client,feature_Document_Management
feature_Thin_client,feature_Enterprise_Resource_Planning_(ERP)
feature_Thin_client,feature_E_Business_Suite
feature_Thin_client,feature_configuration_files
feature_Platform_as_a_Service_(PaaS),feature_database_as_a_service
feature_database_as_a_service,feature_SQL_Database
feature_database_as_a_service,feature_MySQL_database
feature_database_as_a_service,feature_NoSQL_database
feature_database_as_a_service,feature_PostgreSQL_database
feature_database_as_a_service,feature_Relational_Databases
feature_Platform_as_a_Service_(PaaS),feature_software_development
feature_Platform_as_a_Service_(PaaS),feature_Modern_Application_Development
feature_Platform_as_a_Service_(PaaS),feature_development_environments
feature_software_development,feature_Development_and_Testing
feature_software_development,feature_SDK
feature_software_development,feature_web_application
feature_software_development,feature_programming_languages
feature_programming_languages,feature_Ruby
feature_programming_languages,feature_Python
feature_programming_languages,feature_Java
feature_Platform_as_a_Service_(PaaS),feature_application_deployment
feature_Platform_as_a_Service_(PaaS),feature_Business_Intelligence
feature_Business_Intelligence,feature_data_analysis
feature_Business_Intelligence,feature_Big_Data_Analysis
feature_Infrastructure_as_a_Service_(IaaS),feature_cloud_storage
feature_cloud_storage,feature_Backup_storage
feature_cloud_storage,feature_file_storage
feature_cloud_storage,feature_archive
feature_Infrastructure_as_a_Service_(IaaS),feature_data_processing
feature_data_processing,feature_serverless_compute_platform
feature_Infrastructure_as_a_Service_(IaaS),feature_Network_Management
feature_Infrastructure_as_a_Service_(IaaS),feature_Network_services
feature_Infrastructure_as_a_Service_(IaaS),feature_Network
feature_Network,feature_Network_Firewall
feature_Network,feature_Web_Application_Firewall
feature_Network,feature_user_accounts
feature_Network,feature_Content_Delivery_Network_(CDN)
feature_Infrastructure_as_a_Service_(IaaS),feature_operating_system
feature_operating_system,feature_Mac_OS
feature_Infrastructure_as_a_Service_(IaaS),feature_Service_Management
feature_Cloud_computing,feature_audit
feature_audit,feature_audit_logs
feature_audit,feature_audit_trail
feature_audit,feature_Compliance
feature_Compliance,feature_compliance_and_risk_management
feature_Cloud_computing_providers,feature_privacy
feature_privacy,feature_data_privacy
feature_data_privacy,feature_privacy_policy
feature_data_privacy,feature_personal_information
feature_Cloud_computing_providers,feature_Cloud_Security
feature_Cloud_Security,feature_information_security_management_system
feature_Cloud_Security,feature_Data_Security
feature_Cloud_Security,feature_Managed_Security_Services
feature_Cloud_Security,feature_security_policies
feature_Cloud_Security,feature_security_and_control
feature_Cloud_Security,feature_security_incident
feature_Cloud_Security,feature_Network_Security
feature_Cloud_Security,feature_Resilience_and_security
feature_Cloud_Security,feature_data_integrity
feature_Cloud_Security,feature_confidentiality
feature_Cloud_Security,feature_availability
feature_Cloud_Security,feature_Identity_and_Access_Management
feature_Cloud_Security,feature_incident_response
feature_incident_response,feature_security_incident
feature_incident_response,feature_incident_management
feature_availability,feature_High_Availability
feature_availability,feature_reliability
feature_reliability,feature_Site_Reliability_Engineering
feature_data_integrity,feature_authorization
feature_confidentiality,feature_authorization
feature_data_integrity,feature_authentication
feature_confidentiality,feature_authentication
feature_authentication,feature_multi_factor_authentication
feature_Cloud_computing_providers,feature_business_operations
feature_business_operations,feature_customer_data
feature_Cloud_computing_providers,feature_provisioning
feature_Cloud_computing_providers,feature_configuration
feature_configuration,feature_Configuration_Management
feature_provisioning,feature_Resource_Management
feature_provisioning,feature_monitoring
feature_provisioning,feature_bandwidth
feature_provisioning,feature_SLA
feature_monitoring,feature_monitoring_service
feature_monitoring,feature_application_s_performance
feature_monitoring,feature_logging
feature_Cloud_computing_providers,feature_interoperability
feature_Cloud_computing_providers,feature_portability
feature_portability,feature_Migration
feature_Migration,feature_data_migration
feature_Cloud_computing_providers,feature_deployment
feature_deployment,feature_deployment_and_management
feature_deployment,feature_Hybrid_Cloud
feature_Hybrid_Cloud,feature_load_balancing
feature_deployment,feature_public_cloud
feature_public_cloud,feature_workloads
feature_public_cloud,feature_multi_tenancy
feature_deployment,feature_Private_Cloud
feature_Private_Cloud,feature_Virtual_Private_Cloud
feature_Private_Cloud,feature_on_premises
feature_Private_Cloud,feature_outsourcing
feature_Cloud_computing_providers,feature_orchestration
feature_orchestration,feature_resource_allocation
feature_orchestration,feature_access_control
feature_orchestration,feature_hypervisor
feature_hypervisor,feature_virtual_machines
feature_virtual_machines,feature_VMware
feature_orchestration,feature_virtual_data_center
feature_orchestration,feature_hardware
feature_access_control,feature_endpoint
feature_operating_system,feature_Windows
feature_Compliance,feature_ISO
